phone,millisSinceGpsEpoch,latDeg,lngDeg
2020-05-15-US-MTV-1_Sensor_s1,1273608785432,37.4166281,-122.0820531
2020-05-15-US-MTV-1_Sensor_s1,1273608786432,37.4166461,-122.0820399
2020-05-15-US-MTV-1_Sensor_s1,1273608787432,37.4166525,-122.0820386
2020-05-15-US-MTV-1_Sensor_s1,1273608788432,37.4166072,-122.082063
2020-05-15-US-MTV-1_Sensor_s1,1273608789432,37.4166088,-122.0820728
2020-05-15-US-MTV-1_Sensor_s1,1273608790432,37.4166007,-122.0820834
2020-05-15-US-MTV-1_Sensor_s1,1273608791432,37.4166392,-122.0820503
2020-05-15-US-MTV-1_Sensor_s1,1273608792432,37.416661,-122.0820365
2020-05-15-US-MTV-1_Sensor_s1,1273608793432,37.4166368,-122.0820611
2020-05-15-US-MTV-1_Sensor_s1,1273608794432,37.4166432,-122.0820477
2020-05-15-US-MTV-1_Sensor_s1,1273608795432,37.4166075,-122.0820695
2020-05-15-US-MTV-1_Sensor_s1,1273608796432,37.4166177,-122.0820451
2020-05-15-US-MTV-1_Sensor_s1,1273608797432,37.4166549,-122.0820258
2020-05-15-US-MTV-1_Sensor_s1,1273608798432,37.4166367,-122.0820494
2020-05-15-US-MTV-1_Sensor_s1,1273608799649,37.4166397,-122.0821882
2020-05-15-US-MTV-1_Sensor_s1,1273608800641,37.416595,-122.0820668
2020-05-15-US-MTV-1_Sensor_s1,1273608801654,37.4165663,-122.0821112
2020-05-15-US-MTV-1_Sensor_s1,1273608802649,37.416647,-122.0820349
2020-05-15-US-MTV-1_Sensor_s1,1273608803635,37.4165044,-122.0823087
2020-05-15-US-MTV-1_Sensor_s1,1273608804648,37.4165765,-122.0820963
2020-05-15-US-MTV-1_Sensor_s1,1273608805643,37.4165248,-122.0823079
2020-05-15-US-MTV-1_Sensor_s1,1273608806654,37.4165738,-122.0821079
2020-05-15-US-MTV-1_Sensor_s1,1273608807665,37.4165839,-122.0821219
2020-05-15-US-MTV-1_Sensor_s1,1273608808659,37.4165859,-122.0820203
2020-05-15-US-MTV-1_Sensor_s1,1273608809647,37.4165659,-122.082042
2020-05-15-US-MTV-1_Sensor_s1,1273608810662,37.4166305,-122.0819689
2020-05-15-US-MTV-1_Sensor_s1,1273608811651,37.4165684,-122.0820081
2020-05-15-US-MTV-1_Sensor_s1,1273608812664,37.4165969,-122.0819973
2020-05-15-US-MTV-1_Sensor_s1,1273608813660,37.4165698,-122.0819664
2020-05-15-US-MTV-1_Sensor_s1,1273608814647,37.4165755,-122.0819693
2020-05-15-US-MTV-1_Sensor_s1,1273608815661,37.4165981,-122.0820178
2020-05-15-US-MTV-1_Sensor_s1,1273608816655,37.4166257,-122.0820202
2020-05-15-US-MTV-1_Sensor_s1,1273608817646,37.4166653,-122.0820456
2020-05-15-US-MTV-1_Sensor_s1,1273608818659,37.416696,-122.0820108
2020-05-15-US-MTV-1_Sensor_s1,1273608819644,37.4166261,-122.0820443
2020-05-15-US-MTV-1_Sensor_s1,1273608820663,37.4166389,-122.0819463
2020-05-15-US-MTV-1_Sensor_s1,1273608821656,37.416622,-122.0820444
2020-05-15-US-MTV-1_Sensor_s1,1273608822666,37.4166004,-122.0819836
2020-05-15-US-MTV-1_Sensor_s1,1273608823658,37.4166466,-122.0819691
2020-05-15-US-MTV-1_Sensor_s1,1273608824648,37.4166639,-122.0819768
2020-05-15-US-MTV-1_Sensor_s1,1273608825663,37.4166365,-122.0820714
2020-05-15-US-MTV-1_Sensor_s1,1273608826655,37.4165711,-122.0821188
2020-05-15-US-MTV-1_Sensor_s1,1273608827640,37.4165691,-122.082026
2020-05-15-US-MTV-1_Sensor_s1,1273608828659,37.4166312,-122.0820707
2020-05-15-US-MTV-1_Sensor_s1,1273608829652,37.4166105,-122.0819829
2020-05-15-US-MTV-1_Sensor_s1,1273608830666,37.4165703,-122.0820019
2020-05-15-US-MTV-1_Sensor_s1,1273608831655,37.4165983,-122.0819847
2020-05-15-US-MTV-1_Sensor_s1,1273608832666,37.4165656,-122.0819161
2020-05-15-US-MTV-1_Sensor_s1,1273608833660,37.4166072,-122.0820122
2020-05-15-US-MTV-1_Sensor_s1,1273608834644,37.4166023,-122.0819839
2020-05-15-US-MTV-1_Sensor_s1,1273608835655,37.4165843,-122.081967
2020-05-15-US-MTV-1_Sensor_s1,1273608836652,37.4166238,-122.0819655
2020-05-15-US-MTV-1_Sensor_s1,1273608837666,37.416598,-122.0819961
2020-05-15-US-MTV-1_Sensor_s1,1273608838660,37.4165619,-122.0820492
2020-05-15-US-MTV-1_Sensor_s1,1273608839650,37.4165448,-122.0820231
2020-05-15-US-MTV-1_Sensor_s1,1273608840645,37.416603,-122.0819813
2020-05-15-US-MTV-1_Sensor_s1,1273608841654,37.4166575,-122.0819751
2020-05-15-US-MTV-1_Sensor_s1,1273608842664,37.4165556,-122.0820071
2020-05-15-US-MTV-1_Sensor_s1,1273608843655,37.4166324,-122.0819159
2020-05-15-US-MTV-1_Sensor_s1,1273608844650,37.4165902,-122.0819782
2020-05-15-US-MTV-1_Sensor_s1,1273608845661,37.4166328,-122.0819846
2020-05-15-US-MTV-1_Sensor_s1,1273608846656,37.4165423,-122.0821156
2020-05-15-US-MTV-1_Sensor_s1,1273608847663,37.4166744,-122.0819477
2020-05-15-US-MTV-1_Sensor_s1,1273608848659,37.4165471,-122.0820781
2020-05-15-US-MTV-1_Sensor_s1,1273608849648,37.4164474,-122.0821357
2020-05-15-US-MTV-1_Sensor_s1,1273608850659,37.4165986,-122.0819932
2020-05-15-US-MTV-1_Sensor_s1,1273608851652,37.416524,-122.0820706
2020-05-15-US-MTV-1_Sensor_s1,1273608852646,37.416503,-122.082026
2020-05-15-US-MTV-1_Sensor_s1,1273608853639,37.4165912,-122.0819417
2020-05-15-US-MTV-1_Sensor_s1,1273608854649,37.4165521,-122.0820607
2020-05-15-US-MTV-1_Sensor_s1,1273608855660,37.4165307,-122.0819852
2020-05-15-US-MTV-1_Sensor_s1,1273608856655,37.4166276,-122.0819261
2020-05-15-US-MTV-1_Sensor_s1,1273608857666,37.4164504,-122.0820897
2020-05-15-US-MTV-1_Sensor_s1,1273608858658,37.4165871,-122.0820519
2020-05-15-US-MTV-1_Sensor_s1,1273608859645,37.4165737,-122.082081
2020-05-15-US-MTV-1_Sensor_s1,1273608860663,37.416558,-122.0820141
2020-05-15-US-MTV-1_Sensor_s1,1273608861655,37.4166101,-122.0820654
2020-05-15-US-MTV-1_Sensor_s1,1273608862669,37.4165765,-122.0820308
2020-05-15-US-MTV-1_Sensor_s1,1273608863660,37.4165727,-122.0819176
2020-05-15-US-MTV-1_Sensor_s1,1273608864649,37.4165739,-122.082032
2020-05-15-US-MTV-1_Sensor_s1,1273608865659,37.4165846,-122.0820771
2020-05-15-US-MTV-1_Sensor_s1,1273608866654,37.4165928,-122.0819643
2020-05-15-US-MTV-1_Sensor_s1,1273608867672,37.4166114,-122.081979
2020-05-15-US-MTV-1_Sensor_s1,1273608868660,37.4165663,-122.0820335
2020-05-15-US-MTV-1_Sensor_s1,1273608869649,37.4165877,-122.0819804
2020-05-15-US-MTV-1_Sensor_s1,1273608870659,37.416584,-122.0820083
2020-05-15-US-MTV-1_Sensor_s1,1273608871655,37.4165972,-122.0820224
2020-05-15-US-MTV-1_Sensor_s1,1273608872663,37.4166018,-122.0820331
2020-05-15-US-MTV-1_Sensor_s1,1273608873657,37.4166073,-122.0819352
2020-05-15-US-MTV-1_Sensor_s1,1273608874648,37.4166594,-122.0819824
2020-05-15-US-MTV-1_Sensor_s1,1273608875656,37.4166041,-122.0820468
2020-05-15-US-MTV-1_Sensor_s1,1273608876656,37.416597,-122.0821205
2020-05-15-US-MTV-1_Sensor_s1,1273608877645,37.4166435,-122.082067
2020-05-15-US-MTV-1_Sensor_s1,1273608878659,37.4166686,-122.0820166
2020-05-15-US-MTV-1_Sensor_s1,1273608879648,37.4166155,-122.0820827
2020-05-15-US-MTV-1_Sensor_s1,1273608880658,37.4166438,-122.0820663
2020-05-15-US-MTV-1_Sensor_s1,1273608881652,37.4166542,-122.0820301
2020-05-15-US-MTV-1_Sensor_s1,1273608882662,37.4166418,-122.082056
2020-05-15-US-MTV-1_Sensor_s1,1273608883660,37.4166178,-122.0820705
2020-05-15-US-MTV-1_Sensor_s1,1273608884646,37.4165296,-122.0820886
2020-05-15-US-MTV-1_Sensor_s1,1273608885656,37.4166529,-122.0819958
2020-05-15-US-MTV-1_Sensor_s1,1273608886656,37.416695,-122.0819989
2020-05-15-US-MTV-1_Sensor_s1,1273608887664,37.4166796,-122.0820295
2020-05-15-US-MTV-1_Sensor_s1,1273608888635,37.4166472,-122.0820097
2020-05-15-US-MTV-1_Sensor_s1,1273608889648,37.4166753,-122.0819784
2020-05-15-US-MTV-1_Sensor_s1,1273608890660,37.4166458,-122.0820813
2020-05-15-US-MTV-1_Sensor_s1,1273608891651,37.4166019,-122.0821508
2020-05-15-US-MTV-1_Sensor_s1,1273608892667,37.4165298,-122.0821213
2020-05-15-US-MTV-1_Sensor_s1,1273608893658,37.416549,-122.0821351
2020-05-15-US-MTV-1_Sensor_s1,1273608894648,37.416414,-122.0821635
2020-05-15-US-MTV-1_Sensor_s1,1273608895656,37.4165955,-122.082142
2020-05-15-US-MTV-1_Sensor_s1,1273608896655,37.4165987,-122.0821257
2020-05-15-US-MTV-1_Sensor_s1,1273608897666,37.4165835,-122.0821307
2020-05-15-US-MTV-1_Sensor_s1,1273608898660,37.4166297,-122.0820228
2020-05-15-US-MTV-1_Sensor_s1,1273608899647,37.4165789,-122.0820768
2020-05-15-US-MTV-1_Sensor_s1,1273608900644,37.4166862,-122.0821385
2020-05-15-US-MTV-1_Sensor_s1,1273608901648,37.4166166,-122.0820826
2020-05-15-US-MTV-1_Sensor_s1,1273608902667,37.4164949,-122.0821298
2020-05-15-US-MTV-1_Sensor_s1,1273608903658,37.4165775,-122.0820631
2020-05-15-US-MTV-1_Sensor_s1,1273608904650,37.4166149,-122.0821621
2020-05-15-US-MTV-1_Sensor_s1,1273608905663,37.4165521,-122.0821318
2020-05-15-US-MTV-1_Sensor_s1,1273608906649,37.4165708,-122.0820149
2020-05-15-US-MTV-1_Sensor_s1,1273608907659,37.4165542,-122.0820546
2020-05-15-US-MTV-1_Sensor_s1,1273608908658,37.4165494,-122.0820432
2020-05-15-US-MTV-1_Sensor_s1,1273608909650,37.4166275,-122.0820699
2020-05-15-US-MTV-1_Sensor_s1,1273608910661,37.416597,-122.0820393
2020-05-15-US-MTV-1_Sensor_s1,1273608911629,37.4164659,-122.0821733
2020-05-15-US-MTV-1_Sensor_s1,1273608912644,37.416605,-122.0819806
2020-05-15-US-MTV-1_Sensor_s1,1273608913653,37.4165118,-122.082235
2020-05-15-US-MTV-1_Sensor_s1,1273608914644,37.4165676,-122.0820435
2020-05-15-US-MTV-1_Sensor_s1,1273608915663,37.4165617,-122.0820706
2020-05-15-US-MTV-1_Sensor_s1,1273608916649,37.4165155,-122.0819955
2020-05-15-US-MTV-1_Sensor_s1,1273608917666,37.4165815,-122.0819914
2020-05-15-US-MTV-1_Sensor_s1,1273608918658,37.4164934,-122.0820683
2020-05-15-US-MTV-1_Sensor_s1,1273608919649,37.4166059,-122.0820467
2020-05-15-US-MTV-1_Sensor_s1,1273608920665,37.4165935,-122.0820562
2020-05-15-US-MTV-1_Sensor_s1,1273608921649,37.4165998,-122.0820231
2020-05-15-US-MTV-1_Sensor_s1,1273608922647,37.4165432,-122.0820373
2020-05-15-US-MTV-1_Sensor_s1,1273608923656,37.4166054,-122.0819945
2020-05-15-US-MTV-1_Sensor_s1,1273608924668,37.4165542,-122.0820386
2020-05-15-US-MTV-1_Sensor_s1,1273608925663,37.4165133,-122.0820634
2020-05-15-US-MTV-1_Sensor_s1,1273608926649,37.4165413,-122.0820962
2020-05-15-US-MTV-1_Sensor_s1,1273608927665,37.4165022,-122.0820971
2020-05-15-US-MTV-1_Sensor_s1,1273608928660,37.416477,-122.0821243
2020-05-15-US-MTV-1_Sensor_s1,1273608929650,37.4165499,-122.0820671
2020-05-15-US-MTV-1_Sensor_s1,1273608930664,37.4166028,-122.082
2020-05-15-US-MTV-1_Sensor_s1,1273608931648,37.4165951,-122.0821239
2020-05-15-US-MTV-1_Sensor_s1,1273608932661,37.416583,-122.0820675
2020-05-15-US-MTV-1_Sensor_s1,1273608933634,37.4165695,-122.0820599
2020-05-15-US-MTV-1_Sensor_s1,1273608934645,37.4165749,-122.082042
2020-05-15-US-MTV-1_Sensor_s1,1273608935660,37.4165533,-122.0820815
2020-05-15-US-MTV-1_Sensor_s1,1273608936651,37.4166279,-122.0820663
2020-05-15-US-MTV-1_Sensor_s1,1273608937665,37.4164755,-122.0820936
2020-05-15-US-MTV-1_Sensor_s1,1273608938660,37.4164137,-122.0822412
2020-05-15-US-MTV-1_Sensor_s1,1273608939644,37.4165003,-122.0820905
2020-05-15-US-MTV-1_Sensor_s1,1273608940666,37.4164493,-122.0821437
2020-05-15-US-MTV-1_Sensor_s1,1273608941648,37.4164689,-122.0820972
2020-05-15-US-MTV-1_Sensor_s1,1273608942668,37.4165179,-122.0819902
2020-05-15-US-MTV-1_Sensor_s1,1273608943659,37.4165495,-122.0820623
2020-05-15-US-MTV-1_Sensor_s1,1273608944647,37.4165065,-122.0820188
2020-05-15-US-MTV-1_Sensor_s1,1273608945661,37.4163785,-122.0820987
2020-05-15-US-MTV-1_Sensor_s1,1273608946649,37.4165152,-122.0820935
2020-05-15-US-MTV-1_Sensor_s1,1273608947667,37.4165197,-122.0820026
2020-05-15-US-MTV-1_Sensor_s1,1273608948659,37.4165539,-122.0820639
2020-05-15-US-MTV-1_Sensor_s1,1273608949652,37.4164183,-122.0820808
2020-05-15-US-MTV-1_Sensor_s1,1273608950665,37.4164874,-122.0820565
2020-05-15-US-MTV-1_Sensor_s1,1273608951649,37.4164554,-122.0821463
2020-05-15-US-MTV-1_Sensor_s1,1273608952663,37.4165881,-122.0820961
2020-05-15-US-MTV-1_Sensor_s1,1273608953653,37.4165338,-122.0820544
2020-05-15-US-MTV-1_Sensor_s1,1273608954644,37.4165546,-122.0820998
2020-05-15-US-MTV-1_Sensor_s1,1273608955636,37.416537,-122.082054
2020-05-15-US-MTV-1_Sensor_s1,1273608956649,37.4165513,-122.0820607
2020-05-15-US-MTV-1_Sensor_s1,1273608957665,37.4166162,-122.0820563
2020-05-15-US-MTV-1_Sensor_s1,1273608958660,37.4166168,-122.0820217
2020-05-15-US-MTV-1_Sensor_s1,1273608959648,37.416474,-122.0821279
2020-05-15-US-MTV-1_Sensor_s1,1273608960658,37.4165178,-122.0821244
2020-05-15-US-MTV-1_Sensor_s1,1273608961651,37.4165069,-122.0820275
2020-05-15-US-MTV-1_Sensor_s1,1273608962661,37.4165086,-122.0820909
2020-05-15-US-MTV-1_Sensor_s1,1273608963656,37.4165854,-122.0820493
2020-05-15-US-MTV-1_Sensor_s1,1273608964669,37.4165839,-122.0820708
2020-05-15-US-MTV-1_Sensor_s1,1273608965665,37.4164941,-122.0821195
2020-05-15-US-MTV-1_Sensor_s1,1273608966630,37.4164333,-122.0820358
2020-05-15-US-MTV-1_Sensor_s1,1273608967668,37.4166716,-122.081992
2020-05-15-US-MTV-1_Sensor_s1,1273608968659,37.4164738,-122.0820229
2020-05-15-US-MTV-1_Sensor_s1,1273608969647,37.4165642,-122.0820573
2020-05-15-US-MTV-1_Sensor_s1,1273608970663,37.4164232,-122.082121
2020-05-15-US-MTV-1_Sensor_s1,1273608971649,37.4165368,-122.0820643
2020-05-15-US-MTV-1_Sensor_s1,1273608972643,37.4165872,-122.0820271
2020-05-15-US-MTV-1_Sensor_s1,1273608973653,37.416475,-122.0820666
2020-05-15-US-MTV-1_Sensor_s1,1273608974644,37.4165755,-122.0821124
2020-05-15-US-MTV-1_Sensor_s1,1273608975655,37.4165478,-122.0820603
2020-05-15-US-MTV-1_Sensor_s1,1273608976649,37.4165825,-122.082088
2020-05-15-US-MTV-1_Sensor_s1,1273608977647,37.416556,-122.0821564
2020-05-15-US-MTV-1_Sensor_s1,1273608978660,37.4164863,-122.0821581
2020-05-15-US-MTV-1_Sensor_s1,1273608979666,37.416444,-122.0820306
2020-05-15-US-MTV-1_Sensor_s1,1273608980666,37.416512,-122.0820799
2020-05-15-US-MTV-1_Sensor_s1,1273608981651,37.4165409,-122.0820785
2020-05-15-US-MTV-1_Sensor_s1,1273608982665,37.4164708,-122.0820783
2020-05-15-US-MTV-1_Sensor_s1,1273608983660,37.4165854,-122.0820362
2020-05-15-US-MTV-1_Sensor_s1,1273608984671,37.4165893,-122.0819911
2020-05-15-US-MTV-1_Sensor_s1,1273608985665,37.4165756,-122.0820654
2020-05-15-US-MTV-1_Sensor_s1,1273608986649,37.4165466,-122.0820613
2020-05-15-US-MTV-1_Sensor_s1,1273608987666,37.4164274,-122.0820087
2020-05-15-US-MTV-1_Sensor_s1,1273608988644,37.4165445,-122.0820641
2020-05-15-US-MTV-1_Sensor_s1,1273608989652,37.4165642,-122.0820206
2020-05-15-US-MTV-1_Sensor_s1,1273608990663,37.4166287,-122.0819703
2020-05-15-US-MTV-1_Sensor_s1,1273608991649,37.4166366,-122.0819758
2020-05-15-US-MTV-1_Sensor_s1,1273608992666,37.4165621,-122.0820498
2020-05-15-US-MTV-1_Sensor_s1,1273608993652,37.4164968,-122.0820141
2020-05-15-US-MTV-1_Sensor_s1,1273608994644,37.4165867,-122.0821121
2020-05-15-US-MTV-1_Sensor_s1,1273608995656,37.416588,-122.0820968
2020-05-15-US-MTV-1_Sensor_s1,1273608996648,37.4165217,-122.0821116
2020-05-15-US-MTV-1_Sensor_s1,1273608997668,37.4164669,-122.0821359
2020-05-15-US-MTV-1_Sensor_s1,1273608998659,37.416422,-122.0821911
2020-05-15-US-MTV-1_Sensor_s1,1273608999649,37.4164933,-122.0821483
2020-05-15-US-MTV-1_Sensor_s1,1273609000660,37.4163856,-122.0822932
2020-05-15-US-MTV-1_Sensor_s1,1273609001649,37.4165765,-122.0821274
2020-05-15-US-MTV-1_Sensor_s1,1273609002667,37.4164922,-122.0821834
2020-05-15-US-MTV-1_Sensor_s1,1273609003659,37.4164421,-122.0821194
2020-05-15-US-MTV-1_Sensor_s1,1273609004669,37.4165273,-122.0821458
2020-05-15-US-MTV-1_Sensor_s1,1273609005660,37.4164255,-122.0820848
2020-05-15-US-MTV-1_Sensor_s1,1273609006650,37.4165515,-122.0820838
2020-05-15-US-MTV-1_Sensor_s1,1273609007663,37.4164427,-122.0821239
2020-05-15-US-MTV-1_Sensor_s1,1273609008661,37.416506,-122.0821157
2020-05-15-US-MTV-1_Sensor_s1,1273609009650,37.4165311,-122.0820779
2020-05-15-US-MTV-1_Sensor_s1,1273609010642,37.4165405,-122.0820991
2020-05-15-US-MTV-1_Sensor_s1,1273609011649,37.4165098,-122.0821055
2020-05-15-US-MTV-1_Sensor_s1,1273609012646,37.4165234,-122.0820904
2020-05-15-US-MTV-1_Sensor_s1,1273609013653,37.4164946,-122.0821411
2020-05-15-US-MTV-1_Sensor_s1,1273609014646,37.4163644,-122.0821929
2020-05-15-US-MTV-1_Sensor_s1,1273609015656,37.4165207,-122.0820745
2020-05-15-US-MTV-1_Sensor_s1,1273609016649,37.4165807,-122.0820657
2020-05-15-US-MTV-1_Sensor_s1,1273609017663,37.4165248,-122.0819157
2020-05-15-US-MTV-1_Sensor_s1,1273609018660,37.4165325,-122.0820693
2020-05-15-US-MTV-1_Sensor_s1,1273609019673,37.41664,-122.081995
2020-05-15-US-MTV-1_Sensor_s1,1273609020662,37.4164668,-122.0820827
2020-05-15-US-MTV-1_Sensor_s1,1273609021629,37.4165325,-122.082006
2020-05-15-US-MTV-1_Sensor_s1,1273609022663,37.4164393,-122.0821255
2020-05-15-US-MTV-1_Sensor_s1,1273609023660,37.4165449,-122.081887
2020-05-15-US-MTV-1_Sensor_s1,1273609024672,37.4165166,-122.082013
2020-05-15-US-MTV-1_Sensor_s1,1273609025665,37.4164644,-122.0821477
2020-05-15-US-MTV-1_Sensor_s1,1273609026649,37.416523,-122.0821909
2020-05-15-US-MTV-1_Sensor_s1,1273609027668,37.4164821,-122.0820679
2020-05-15-US-MTV-1_Sensor_s1,1273609028659,37.4165512,-122.0821186
2020-05-15-US-MTV-1_Sensor_s1,1273609029651,37.4165328,-122.0820878
2020-05-15-US-MTV-1_Sensor_s1,1273609030665,37.4164654,-122.0821767
2020-05-15-US-MTV-1_Sensor_s1,1273609031648,37.4164608,-122.0821497
2020-05-15-US-MTV-1_Sensor_s1,1273609032645,37.4164338,-122.0821616
2020-05-15-US-MTV-1_Sensor_s1,1273609033653,37.4164352,-122.082223
2020-05-15-US-MTV-1_Sensor_s1,1273609034644,37.4164422,-122.0822416
2020-05-15-US-MTV-1_Sensor_s1,1273609035657,37.4164616,-122.0821328
2020-05-15-US-MTV-1_Sensor_s1,1273609036648,37.4164444,-122.0821832
2020-05-15-US-MTV-1_Sensor_s1,1273609037663,37.4163878,-122.0822201
2020-05-15-US-MTV-1_Sensor_s1,1273609038658,37.4164764,-122.0822165
2020-05-15-US-MTV-1_Sensor_s1,1273609039652,37.4164506,-122.0822628
2020-05-15-US-MTV-1_Sensor_s1,1273609040662,37.4164874,-122.0822175
2020-05-15-US-MTV-1_Sensor_s1,1273609041648,37.4164867,-122.0821805
2020-05-15-US-MTV-1_Sensor_s1,1273609042663,37.4165876,-122.0821455
2020-05-15-US-MTV-1_Sensor_s1,1273609043640,37.4164729,-122.0821726
2020-05-15-US-MTV-1_Sensor_s1,1273609044651,37.4165543,-122.0821883
2020-05-15-US-MTV-1_Sensor_s1,1273609045663,37.4165946,-122.082144
2020-05-15-US-MTV-1_Sensor_s1,1273609046649,37.4166004,-122.0821148
2020-05-15-US-MTV-1_Sensor_s1,1273609047666,37.416538,-122.0820343
2020-05-15-US-MTV-1_Sensor_s1,1273609048659,37.4165387,-122.0820682
2020-05-15-US-MTV-1_Sensor_s1,1273609049648,37.416572,-122.0819956
2020-05-15-US-MTV-1_Sensor_s1,1273609050665,37.416541,-122.0820815
2020-05-15-US-MTV-1_Sensor_s1,1273609051648,37.4165866,-122.08205
2020-05-15-US-MTV-1_Sensor_s1,1273609052645,37.4164732,-122.0820605
2020-05-15-US-MTV-1_Sensor_s1,1273609053653,37.4165433,-122.0820333
2020-05-15-US-MTV-1_Sensor_s1,1273609054645,37.4164744,-122.0820919
2020-05-15-US-MTV-1_Sensor_s1,1273609055657,37.4164581,-122.0820536
2020-05-15-US-MTV-1_Sensor_s1,1273609056648,37.4165158,-122.0820432
2020-05-15-US-MTV-1_Sensor_s1,1273609057665,37.4164857,-122.0820516
2020-05-15-US-MTV-1_Sensor_s1,1273609058661,37.4165,-122.0820869
2020-05-15-US-MTV-1_Sensor_s1,1273609059647,37.4165735,-122.0820238
2020-05-15-US-MTV-1_Sensor_s1,1273609060660,37.4164871,-122.0820588
2020-05-15-US-MTV-1_Sensor_s1,1273609061648,37.4166366,-122.0820819
2020-05-15-US-MTV-1_Sensor_s1,1273609062666,37.4166198,-122.0820336
2020-05-15-US-MTV-1_Sensor_s1,1273609063661,37.4166019,-122.08208
2020-05-15-US-MTV-1_Sensor_s1,1273609064670,37.4164414,-122.0821434
2020-05-15-US-MTV-1_Sensor_s1,1273609065642,37.4165586,-122.0819699
2020-05-15-US-MTV-1_Sensor_s1,1273609066649,37.4165334,-122.0820827
2020-05-15-US-MTV-1_Sensor_s1,1273609067666,37.4165843,-122.082031
2020-05-15-US-MTV-1_Sensor_s1,1273609068658,37.4165963,-122.082039
2020-05-15-US-MTV-1_Sensor_s1,1273609069671,37.4165066,-122.0821118
2020-05-15-US-MTV-1_Sensor_s1,1273609070660,37.4165447,-122.0820237
2020-05-15-US-MTV-1_Sensor_s1,1273609071651,37.4166074,-122.0820977
2020-05-15-US-MTV-1_Sensor_s1,1273609072643,37.4163984,-122.0822327
2020-05-15-US-MTV-1_Sensor_s1,1273609073653,37.4165701,-122.0821286
2020-05-15-US-MTV-1_Sensor_s1,1273609074644,37.4165078,-122.0821676
2020-05-15-US-MTV-1_Sensor_s1,1273609075655,37.4165759,-122.0820707
2020-05-15-US-MTV-1_Sensor_s1,1273609076629,37.416566,-122.0821121
2020-05-15-US-MTV-1_Sensor_s1,1273609077669,37.4164379,-122.0820538
2020-05-15-US-MTV-1_Sensor_s1,1273609078660,37.4165151,-122.0820196
2020-05-15-US-MTV-1_Sensor_s1,1273609079671,37.4165984,-122.0820133
2020-05-15-US-MTV-1_Sensor_s1,1273609080662,37.4166059,-122.0820455
2020-05-15-US-MTV-1_Sensor_s1,1273609081649,37.4165851,-122.0820486
2020-05-15-US-MTV-1_Sensor_s1,1273609082667,37.4165651,-122.0821127
2020-05-15-US-MTV-1_Sensor_s1,1273609083656,37.4165813,-122.0820947
2020-05-15-US-MTV-1_Sensor_s1,1273609084668,37.4166279,-122.0820837
2020-05-15-US-MTV-1_Sensor_s1,1273609085660,37.4165894,-122.0821587
2020-05-15-US-MTV-1_Sensor_s1,1273609086649,37.4166035,-122.0821111
2020-05-15-US-MTV-1_Sensor_s1,1273609087665,37.4165151,-122.0821641
2020-05-15-US-MTV-1_Sensor_s1,1273609088659,37.4166564,-122.0820499
2020-05-15-US-MTV-1_Sensor_s1,1273609089653,37.4166099,-122.0820398
2020-05-15-US-MTV-1_Sensor_s1,1273609090665,37.4164434,-122.0821673
2020-05-15-US-MTV-1_Sensor_s1,1273609091647,37.4165693,-122.0821148
2020-05-15-US-MTV-1_Sensor_s1,1273609092666,37.4165626,-122.0821423
2020-05-15-US-MTV-1_Sensor_s1,1273609093652,37.4165378,-122.0820529
2020-05-15-US-MTV-1_Sensor_s1,1273609094645,37.4165596,-122.0820998
2020-05-15-US-MTV-1_Sensor_s1,1273609095656,37.4166424,-122.082419
2020-05-15-US-MTV-1_Sensor_s1,1273609096649,37.4165233,-122.0821826
2020-05-15-US-MTV-1_Sensor_s1,1273609097662,37.4165137,-122.0820529
2020-05-15-US-MTV-1_Sensor_s1,1273609098659,37.416562,-122.0820681
2020-05-15-US-MTV-1_Sensor_s1,1273609099671,37.416499,-122.0820225
2020-05-15-US-MTV-1_Sensor_s1,1273609100663,37.4165234,-122.0821558
2020-05-15-US-MTV-1_Sensor_s1,1273609101647,37.4164942,-122.0820917
2020-05-15-US-MTV-1_Sensor_s1,1273609102665,37.4164085,-122.0822199
2020-05-15-US-MTV-1_Sensor_s1,1273609103658,37.4164508,-122.0820796
2020-05-15-US-MTV-1_Sensor_s1,1273609104673,37.4164628,-122.0821311
2020-05-15-US-MTV-1_Sensor_s1,1273609105660,37.4165082,-122.0821386
2020-05-15-US-MTV-1_Sensor_s1,1273609106649,37.4164425,-122.0821771
2020-05-15-US-MTV-1_Sensor_s1,1273609107665,37.4164757,-122.0821776
2020-05-15-US-MTV-1_Sensor_s1,1273609108659,37.4164653,-122.0822006
2020-05-15-US-MTV-1_Sensor_s1,1273609109652,37.4164423,-122.0822442
2020-05-15-US-MTV-1_Sensor_s1,1273609110662,37.4164335,-122.0822113
2020-05-15-US-MTV-1_Sensor_s1,1273609111649,37.4164314,-122.0821478
2020-05-15-US-MTV-1_Sensor_s1,1273609112646,37.4164263,-122.0822039
2020-05-15-US-MTV-1_Sensor_s1,1273609113653,37.4164351,-122.0822558
2020-05-15-US-MTV-1_Sensor_s1,1273609114644,37.4164299,-122.0821121
2020-05-15-US-MTV-1_Sensor_s1,1273609115655,37.4164952,-122.0820886
2020-05-15-US-MTV-1_Sensor_s1,1273609116649,37.4165497,-122.0820559
2020-05-15-US-MTV-1_Sensor_s1,1273609117663,37.4164782,-122.0820187
2020-05-15-US-MTV-1_Sensor_s1,1273609118659,37.4165474,-122.0820703
2020-05-15-US-MTV-1_Sensor_s1,1273609119649,37.4165046,-122.0821067
2020-05-15-US-MTV-1_Sensor_s1,1273609120645,37.4165091,-122.0820782
2020-05-15-US-MTV-1_Sensor_s1,1273609121649,37.416599,-122.0820358
2020-05-15-US-MTV-1_Sensor_s1,1273609122663,37.4165375,-122.0820466
2020-05-15-US-MTV-1_Sensor_s1,1273609123656,37.4165493,-122.082
2020-05-15-US-MTV-1_Sensor_s1,1273609124650,37.4165797,-122.0821299
2020-05-15-US-MTV-1_Sensor_s1,1273609125663,37.4165067,-122.0821922
2020-05-15-US-MTV-1_Sensor_s1,1273609126649,37.4165582,-122.0820735
2020-05-15-US-MTV-1_Sensor_s1,1273609127662,37.416595,-122.0821119
2020-05-15-US-MTV-1_Sensor_s1,1273609128660,37.4165424,-122.0820744
2020-05-15-US-MTV-1_Sensor_s1,1273609129649,37.416404,-122.0821832
2020-05-15-US-MTV-1_Sensor_s1,1273609130661,37.4166203,-122.0820493
2020-05-15-US-MTV-1_Sensor_s1,1273609131629,37.4165495,-122.0820837
2020-05-15-US-MTV-1_Sensor_s1,1273609132642,37.4166066,-122.081995
2020-05-15-US-MTV-1_Sensor_s1,1273609133652,37.4166392,-122.0820793
2020-05-15-US-MTV-1_Sensor_s1,1273609134644,37.4166806,-122.0821288
2020-05-15-US-MTV-1_Sensor_s1,1273609135657,37.416624,-122.0820014
2020-05-15-US-MTV-1_Sensor_s1,1273609136649,37.4166016,-122.0821
2020-05-15-US-MTV-1_Sensor_s1,1273609137664,37.4166261,-122.0820248
2020-05-15-US-MTV-1_Sensor_s1,1273609138660,37.4166152,-122.082011
2020-05-15-US-MTV-1_Sensor_s1,1273609139646,37.4165939,-122.0819015
2020-05-15-US-MTV-1_Sensor_s1,1273609140660,37.416612,-122.0820397
2020-05-15-US-MTV-1_Sensor_s1,1273609141649,37.4165531,-122.0821393
2020-05-15-US-MTV-1_Sensor_s1,1273609142663,37.416465,-122.0820571
2020-05-15-US-MTV-1_Sensor_s1,1273609143634,37.4166149,-122.0820661
2020-05-15-US-MTV-1_Sensor_s1,1273609144670,37.4166014,-122.082051
2020-05-15-US-MTV-1_Sensor_s1,1273609145664,37.4165926,-122.0820547
2020-05-15-US-MTV-1_Sensor_s1,1273609146649,37.4165957,-122.0820857
2020-05-15-US-MTV-1_Sensor_s1,1273609147667,37.4166183,-122.0820344
2020-05-15-US-MTV-1_Sensor_s1,1273609148659,37.4165305,-122.0820599
2020-05-15-US-MTV-1_Sensor_s1,1273609149647,37.4165887,-122.0820439
2020-05-15-US-MTV-1_Sensor_s1,1273609150660,37.4166171,-122.0820833
2020-05-15-US-MTV-1_Sensor_s1,1273609151649,37.4165888,-122.0820565
2020-05-15-US-MTV-1_Sensor_s1,1273609152642,37.4165731,-122.0820119
2020-05-15-US-MTV-1_Sensor_s1,1273609153652,37.4166343,-122.0819932
2020-05-15-US-MTV-1_Sensor_s1,1273609154645,37.4166569,-122.0819322
2020-05-15-US-MTV-1_Sensor_s1,1273609155656,37.4166326,-122.0820023
2020-05-15-US-MTV-1_Sensor_s1,1273609156648,37.4166267,-122.081982
2020-05-15-US-MTV-1_Sensor_s1,1273609157661,37.416632,-122.0820201
2020-05-15-US-MTV-1_Sensor_s1,1273609158659,37.4166818,-122.0819565
2020-05-15-US-MTV-1_Sensor_s1,1273609159649,37.4166468,-122.0819884
2020-05-15-US-MTV-1_Sensor_s1,1273609160662,37.4166046,-122.0818472
2020-05-15-US-MTV-1_Sensor_s1,1273609161649,37.4166179,-122.0819338
2020-05-15-US-MTV-1_Sensor_s1,1273609162667,37.4166058,-122.0819891
2020-05-15-US-MTV-1_Sensor_s1,1273609163652,37.4166484,-122.0819406
2020-05-15-US-MTV-1_Sensor_s1,1273609164647,37.4166977,-122.0818975
2020-05-15-US-MTV-1_Sensor_s1,1273609165641,37.4166623,-122.0819983
2020-05-15-US-MTV-1_Sensor_s1,1273609166651,37.4165652,-122.082002
2020-05-15-US-MTV-1_Sensor_s1,1273609167646,37.4164783,-122.0820696
2020-05-15-US-MTV-1_Sensor_s1,1273609168659,37.4166566,-122.0819941
2020-05-15-US-MTV-1_Sensor_s1,1273609169649,37.4166538,-122.0819823
2020-05-15-US-MTV-1_Sensor_s1,1273609170660,37.4165694,-122.0819696
2020-05-15-US-MTV-1_Sensor_s1,1273609171649,37.4166141,-122.0820603
2020-05-15-US-MTV-1_Sensor_s1,1273609172642,37.4164413,-122.0819913
2020-05-15-US-MTV-1_Sensor_s1,1273609173654,37.4167515,-122.082039
2020-05-15-US-MTV-1_Sensor_s1,1273609174645,37.4167038,-122.0819646
2020-05-15-US-MTV-1_Sensor_s1,1273609175656,37.4166781,-122.0819105
2020-05-15-US-MTV-1_Sensor_s1,1273609176649,37.4166073,-122.0820915
2020-05-15-US-MTV-1_Sensor_s1,1273609177663,37.4166147,-122.0821032
2020-05-15-US-MTV-1_Sensor_s1,1273609178638,37.4168448,-122.0819656
2020-05-15-US-MTV-1_Sensor_s1,1273609179651,37.416716,-122.0820944
2020-05-15-US-MTV-1_Sensor_s1,1273609180663,37.4167132,-122.0821616
2020-05-15-US-MTV-1_Sensor_s1,1273609181649,37.4167688,-122.0820161
2020-05-15-US-MTV-1_Sensor_s1,1273609182664,37.4167992,-122.0820352
2020-05-15-US-MTV-1_Sensor_s1,1273609183660,37.4168148,-122.0820304
2020-05-15-US-MTV-1_Sensor_s1,1273609184651,37.4167368,-122.0820101
2020-05-15-US-MTV-1_Sensor_s1,1273609185659,37.4168055,-122.0820258
2020-05-15-US-MTV-1_Sensor_s1,1273609186649,37.4165843,-122.0821005
2020-05-15-US-MTV-1_Sensor_s1,1273609187664,37.4166984,-122.0820224
2020-05-15-US-MTV-1_Sensor_s1,1273609188655,37.4166386,-122.0820861
2020-05-15-US-MTV-1_Sensor_s1,1273609189649,37.4167453,-122.0820188
2020-05-15-US-MTV-1_Sensor_s1,1273609190641,37.4165061,-122.0821148
2020-05-15-US-MTV-1_Sensor_s1,1273609191649,37.4165301,-122.0820447
2020-05-15-US-MTV-1_Sensor_s1,1273609192666,37.4163962,-122.0820997
2020-05-15-US-MTV-1_Sensor_s1,1273609193652,37.416507,-122.0819863
2020-05-15-US-MTV-1_Sensor_s1,1273609194644,37.4165404,-122.0819532
2020-05-15-US-MTV-1_Sensor_s1,1273609195656,37.4166548,-122.0820111
2020-05-15-US-MTV-1_Sensor_s1,1273609196649,37.4166178,-122.08199
2020-05-15-US-MTV-1_Sensor_s1,1273609197663,37.41664,-122.08208
2020-05-15-US-MTV-1_Sensor_s1,1273609198659,37.4165775,-122.0820155
2020-05-15-US-MTV-1_Sensor_s1,1273609199649,37.4166044,-122.0820722
2020-05-15-US-MTV-1_Sensor_s1,1273609200662,37.4166372,-122.0820705
2020-05-15-US-MTV-1_Sensor_s1,1273609201628,37.4164713,-122.0820938
2020-05-15-US-MTV-1_Sensor_s1,1273609202645,37.4167103,-122.0820612
2020-05-15-US-MTV-1_Sensor_s1,1273609203660,37.4166099,-122.0821449
2020-05-15-US-MTV-1_Sensor_s1,1273609204671,37.4166085,-122.0820343
2020-05-15-US-MTV-1_Sensor_s1,1273609205662,37.4166254,-122.0821567
2020-05-15-US-MTV-1_Sensor_s1,1273609206650,37.4166662,-122.0820467
2020-05-15-US-MTV-1_Sensor_s1,1273609207662,37.4166062,-122.0821535
2020-05-15-US-MTV-1_Sensor_s1,1273609208660,37.4166865,-122.0820149
2020-05-15-US-MTV-1_Sensor_s1,1273609209671,37.4166023,-122.0820709
2020-05-15-US-MTV-1_Sensor_s1,1273609210663,37.4167148,-122.0821369
2020-05-15-US-MTV-1_Sensor_s1,1273609211649,37.4165788,-122.0821103
2020-05-15-US-MTV-1_Sensor_s1,1273609212664,37.4166744,-122.0821009
2020-05-15-US-MTV-1_Sensor_s1,1273609213632,37.4166013,-122.0821043
2020-05-15-US-MTV-1_Sensor_s1,1273609214644,37.4166901,-122.0820746
2020-05-15-US-MTV-1_Sensor_s1,1273609215656,37.416634,-122.0819803
2020-05-15-US-MTV-1_Sensor_s1,1273609216649,37.4167086,-122.0819928
2020-05-15-US-MTV-1_Sensor_s1,1273609217665,37.4166015,-122.0820286
2020-05-15-US-MTV-1_Sensor_s1,1273609218661,37.4166519,-122.0821544
2020-05-15-US-MTV-1_Sensor_s1,1273609219671,37.4166077,-122.0821139
2020-05-15-US-MTV-1_Sensor_s1,1273609220664,37.4167173,-122.0820257
2020-05-15-US-MTV-1_Sensor_s1,1273609221649,37.416642,-122.0819897
2020-05-15-US-MTV-1_Sensor_s1,1273609222666,37.4166149,-122.0820118
2020-05-15-US-MTV-1_Sensor_s1,1273609223658,37.4166297,-122.0819301
2020-05-15-US-MTV-1_Sensor_s1,1273609224651,37.4167024,-122.0820063
2020-05-15-US-MTV-1_Sensor_s1,1273609225662,37.4166752,-122.0819004
2020-05-15-US-MTV-1_Sensor_s1,1273609226649,37.4166373,-122.0820433
2020-05-15-US-MTV-1_Sensor_s1,1273609227660,37.4166262,-122.0822004
2020-05-15-US-MTV-1_Sensor_s1,1273609228661,37.4165945,-122.0820362
2020-05-15-US-MTV-1_Sensor_s1,1273609229729,37.4165601,-122.0819535
2020-05-15-US-MTV-1_Sensor_s1,1273609230660,37.4164795,-122.0820949
2020-05-15-US-MTV-1_Sensor_s1,1273609231648,37.4166135,-122.0821473
2020-05-15-US-MTV-1_Sensor_s1,1273609232665,37.4164763,-122.0821497
2020-05-15-US-MTV-1_Sensor_s1,1273609233652,37.4166016,-122.0821953
2020-05-15-US-MTV-1_Sensor_s1,1273609234644,37.4165713,-122.0823736
2020-05-15-US-MTV-1_Sensor_s1,1273609235638,37.4165749,-122.0820948
2020-05-15-US-MTV-1_Sensor_s1,1273609236649,37.4164859,-122.082071
2020-05-15-US-MTV-1_Sensor_s1,1273609237643,37.4165646,-122.082227
2020-05-15-US-MTV-1_Sensor_s1,1273609238660,37.4165291,-122.0821356
2020-05-15-US-MTV-1_Sensor_s1,1273609239648,37.416521,-122.0820726
2020-05-15-US-MTV-1_Sensor_s1,1273609240661,37.4164953,-122.0820628
2020-05-15-US-MTV-1_Sensor_s1,1273609241649,37.4164733,-122.0820205
2020-05-15-US-MTV-1_Sensor_s1,1273609242666,37.4164511,-122.0820015
2020-05-15-US-MTV-1_Sensor_s1,1273609243656,37.4165528,-122.0820543
2020-05-15-US-MTV-1_Sensor_s1,1273609244672,37.4166759,-122.0820288
2020-05-15-US-MTV-1_Sensor_s1,1273609245663,37.4165146,-122.082024
2020-05-15-US-MTV-1_Sensor_s1,1273609246629,37.4164144,-122.0820868
2020-05-15-US-MTV-1_Sensor_s1,1273609247641,37.4164728,-122.0819141
2020-05-15-US-MTV-1_Sensor_s1,1273609248660,37.4165644,-122.0818582
2020-05-15-US-MTV-1_Sensor_s1,1273609249649,37.4164477,-122.0820562
2020-05-15-US-MTV-1_Sensor_s1,1273609250661,37.416468,-122.0820284
2020-05-15-US-MTV-1_Sensor_s1,1273609251647,37.4164867,-122.0820163
2020-05-15-US-MTV-1_Sensor_s1,1273609252664,37.4166685,-122.0820245
2020-05-15-US-MTV-1_Sensor_s1,1273609253652,37.4166426,-122.0820612
2020-05-15-US-MTV-1_Sensor_s1,1273609254645,37.4164743,-122.0820376
2020-05-15-US-MTV-1_Sensor_s1,1273609255656,37.4165738,-122.082051
2020-05-15-US-MTV-1_Sensor_s1,1273609256649,37.4165685,-122.0820333
2020-05-15-US-MTV-1_Sensor_s1,1273609257640,37.416671,-122.0819474
2020-05-15-US-MTV-1_Sensor_s1,1273609258634,37.4166697,-122.0819863
2020-05-15-US-MTV-1_Sensor_s1,1273609259645,37.4166871,-122.0820392
2020-05-15-US-MTV-1_Sensor_s1,1273609260659,37.4165325,-122.0819792
2020-05-15-US-MTV-1_Sensor_s1,1273609261648,37.4164964,-122.0819848
2020-05-15-US-MTV-1_Sensor_s1,1273609262664,37.4165382,-122.0821163
2020-05-15-US-MTV-1_Sensor_s1,1273609263659,37.4167414,-122.0819707
2020-05-15-US-MTV-1_Sensor_s1,1273609264650,37.4166071,-122.0820138
2020-05-15-US-MTV-1_Sensor_s1,1273609265663,37.4167635,-122.0820329
2020-05-15-US-MTV-1_Sensor_s1,1273609266647,37.416525,-122.082041
2020-05-15-US-MTV-1_Sensor_s1,1273609267641,37.4166569,-122.0821223
2020-05-15-US-MTV-1_Sensor_s1,1273609268657,37.4166024,-122.0822001
2020-05-15-US-MTV-1_Sensor_s1,1273609269650,37.4166133,-122.0821594
2020-05-15-US-MTV-1_Sensor_s1,1273609270661,37.4166007,-122.0821934
2020-05-15-US-MTV-1_Sensor_s1,1273609271649,37.4165111,-122.0819448
2020-05-15-US-MTV-1_Sensor_s1,1273609272644,37.4166433,-122.0821736
2020-05-15-US-MTV-1_Sensor_s1,1273609273653,37.4166402,-122.0819769
2020-05-15-US-MTV-1_Sensor_s1,1273609274644,37.4166416,-122.082169
2020-05-15-US-MTV-1_Sensor_s1,1273609275656,37.416563,-122.0819938
2020-05-15-US-MTV-1_Sensor_s1,1273609276649,37.416668,-122.0819829
2020-05-15-US-MTV-1_Sensor_s1,1273609277661,37.4165824,-122.0820033
2020-05-15-US-MTV-1_Sensor_s1,1273609278659,37.4165065,-122.082135
2020-05-15-US-MTV-1_Sensor_s1,1273609279648,37.4165733,-122.0820806
2020-05-15-US-MTV-1_Sensor_s1,1273609280661,37.4165986,-122.0820154
2020-05-15-US-MTV-1_Sensor_s1,1273609281648,37.4166404,-122.0820556
2020-05-15-US-MTV-1_Sensor_s1,1273609282664,37.416549,-122.0821522
2020-05-15-US-MTV-1_Sensor_s1,1273609283653,37.4165379,-122.0821337
2020-05-15-US-MTV-1_Sensor_s1,1273609284650,37.416592,-122.0820415
2020-05-15-US-MTV-1_Sensor_s1,1273609285662,37.4164393,-122.0820979
2020-05-15-US-MTV-1_Sensor_s1,1273609286648,37.4166503,-122.0819928
2020-05-15-US-MTV-1_Sensor_s1,1273609287644,37.4164309,-122.0818915
2020-05-15-US-MTV-1_Sensor_s1,1273609288660,37.4165013,-122.0819834
2020-05-15-US-MTV-1_Sensor_s1,1273609289651,37.4165949,-122.0819909
2020-05-15-US-MTV-1_Sensor_s1,1273609290640,37.4165717,-122.0819894
2020-05-15-US-MTV-1_Sensor_s1,1273609291649,37.416512,-122.0820155
2020-05-15-US-MTV-1_Sensor_s1,1273609292644,37.4165543,-122.0820042
2020-05-15-US-MTV-1_Sensor_s1,1273609293653,37.416518,-122.0820795
2020-05-15-US-MTV-1_Sensor_s1,1273609294645,37.4166396,-122.0820441
2020-05-15-US-MTV-1_Sensor_s1,1273609295657,37.4166028,-122.0819881
2020-05-15-US-MTV-1_Sensor_s1,1273609296648,37.4165581,-122.0819797
2020-05-15-US-MTV-1_Sensor_s1,1273609297643,37.4165908,-122.0820355
2020-05-15-US-MTV-1_Sensor_s1,1273609298657,37.4165379,-122.0820962
2020-05-15-US-MTV-1_Sensor_s1,1273609299664,37.4166909,-122.0820587
2020-05-15-US-MTV-1_Sensor_s1,1273609300663,37.4166357,-122.0820984
2020-05-15-US-MTV-1_Sensor_s1,1273609301630,37.4166566,-122.0820344
2020-05-15-US-MTV-1_Sensor_s1,1273609302645,37.4166713,-122.0820991
2020-05-15-US-MTV-1_Sensor_s1,1273609303659,37.4166203,-122.0820675
2020-05-15-US-MTV-1_Sensor_s1,1273609304649,37.4167142,-122.0820122
2020-05-15-US-MTV-1_Sensor_s1,1273609305662,37.4166236,-122.0820278
2020-05-15-US-MTV-1_Sensor_s1,1273609306649,37.4167047,-122.0820324
2020-05-15-US-MTV-1_Sensor_s1,1273609307642,37.4167116,-122.0819621
2020-05-15-US-MTV-1_Sensor_s1,1273609308661,37.4167138,-122.0820313
2020-05-15-US-MTV-1_Sensor_s1,1273609309650,37.4166382,-122.0820108
2020-05-15-US-MTV-1_Sensor_s1,1273609310664,37.41673,-122.0820144
2020-05-15-US-MTV-1_Sensor_s1,1273609311647,37.4166442,-122.0819867
2020-05-15-US-MTV-1_Sensor_s1,1273609312645,37.4166602,-122.0819967
2020-05-15-US-MTV-1_Sensor_s1,1273609313657,37.4166214,-122.081912
2020-05-15-US-MTV-1_Sensor_s1,1273609314650,37.416709,-122.0819324
2020-05-15-US-MTV-1_Sensor_s1,1273609315656,37.4167433,-122.0820381
2020-05-15-US-MTV-1_Sensor_s1,1273609316649,37.4165791,-122.0820707
2020-05-15-US-MTV-1_Sensor_s1,1273609317640,37.4165934,-122.0819702
2020-05-15-US-MTV-1_Sensor_s1,1273609318653,37.4165263,-122.0820474
2020-05-15-US-MTV-1_Sensor_s1,1273609319670,37.4164393,-122.08221
2020-05-15-US-MTV-1_Sensor_s1,1273609320663,37.4166049,-122.0819657
2020-05-15-US-MTV-1_Sensor_s1,1273609321656,37.4165478,-122.0820213
2020-05-15-US-MTV-1_Sensor_s1,1273609322663,37.4166621,-122.081846
2020-05-15-US-MTV-1_Sensor_s1,1273609323656,37.4165698,-122.0820411
